都道府県名,二次医療圏番号,二次医療圏名,"合計(40～44歳, 18.5以上20.0未満)","合計(40～44歳, 18.5未満)","合計(40～44歳, 20.0以上25.0未満)","合計(40～44歳, 25.0以上30.0未満)","合計(40～44歳, 30.0以上35.0未満)","合計(40～44歳, 35.0以上40.0未満)","合計(40～44歳, 40.0以上)","合計(45～49歳, 18.5以上20.0未満)","合計(45～49歳, 18.5未満)","合計(45～49歳, 20.0以上25.0未満)","合計(45～49歳, 25.0以上30.0未満)","合計(45～49歳, 30.0以上35.0未満)","合計(45～49歳, 35.0以上40.0未満)","合計(45～49歳, 40.0以上)","合計(50～54歳, 18.5以上20.0未満)","合計(50～54歳, 18.5未満)","合計(50～54歳, 20.0以上25.0未満)","合計(50～54歳, 25.0以上30.0未満)","合計(50～54歳, 30.0以上35.0未満)","合計(50～54歳, 35.0以上40.0未満)","合計(50～54歳, 40.0以上)","合計(55～59歳, 18.5以上20.0未満)","合計(55～59歳, 18.5未満)","合計(55～59歳, 20.0以上25.0未満)","合計(55～59歳, 25.0以上30.0未満)","合計(55～59歳, 30.0以上35.0未満)","合計(55～59歳, 35.0以上40.0未満)","合計(55～59歳, 40.0以上)","合計(60～64歳, 18.5以上20.0未満)","合計(60～64歳, 18.5未満)","合計(60～64歳, 20.0以上25.0未満)","合計(60～64歳, 25.0以上30.0未満)","合計(60～64歳, 30.0以上35.0未満)","合計(60～64歳, 35.0以上40.0未満)","合計(60～64歳, 40.0以上)","合計(65～69歳, 18.5以上20.0未満)","合計(65～69歳, 18.5未満)","合計(65～69歳, 20.0以上25.0未満)","合計(65～69歳, 25.0以上30.0未満)","合計(65～69歳, 30.0以上35.0未満)","合計(65～69歳, 35.0以上40.0未満)","合計(65～69歳, 40.0以上)","合計(70～74歳, 18.5以上20.0未満)","合計(70～74歳, 18.5未満)","合計(70～74歳, 20.0以上25.0未満)","合計(70～74歳, 25.0以上30.0未満)","合計(70～74歳, 30.0以上35.0未満)","合計(70～74歳, 35.0以上40.0未満)","合計(70～74歳, 40.0以上)"
北海道,0101,南渡島,279,148,2628,1627,446,120,29,335,140,3149,2217,618,143,39,338,137,2920,2057,509,101,33,282,127,2789,1761,388,63,14,272,139,2580,1588,279,27,12,226,114,2205,1483,184,15,,243,106,2433,1453,161,12,
北海道,0102,南檜山,21,,111,96,41,,,17,,181,131,31,,,21,,153,145,41,,,15,,159,135,25,,,16,,149,129,21,,,13,,148,106,12,,,12,,149,112,14,,
北海道,0103,北渡島檜山,22,13,201,159,58,19,,21,10,223,215,56,12,,17,12,215,194,43,22,,28,14,224,157,34,,,19,10,207,147,41,,,18,,176,148,20,,,23,,180,145,21,,
北海道,0104,札幌,2857,1258,21734,11419,2801,615,208,2687,1079,25315,15102,3767,812,248,2357,954,23567,15209,3477,694,147,2116,781,20895,13304,2582,379,65,1803,820,18184,11420,1818,214,49,1072,501,11308,6914,872,87,,666,326,6922,3852,431,43,
北海道,0105,後志,150,60,1376,855,245,59,16,174,67,1728,1186,358,71,21,181,71,1646,1132,303,71,,135,61,1555,1111,230,36,,136,69,1367,973,151,22,,111,60,1270,858,127,13,,138,67,1368,755,98,12,
北海道,0106,南空知,111,47,910,599,167,44,20,122,59,1228,896,277,62,12,116,53,1064,845,215,49,11,133,56,1160,835,183,36,,112,66,1209,835,137,24,,78,60,1121,709,113,16,,113,49,1082,634,74,10,
北海道,0107,中空知,55,44,599,359,125,28,,73,42,828,601,173,52,10,71,38,762,566,162,39,,74,29,788,565,123,21,,81,32,772,508,91,22,,85,33,637,458,66,,,79,42,865,471,66,,
北海道,0108,北空知,23,,146,111,26,,,17,,199,154,47,,,12,,190,164,37,,,25,,214,157,47,,,19,,216,168,26,,,17,,199,149,19,,,29,11,251,140,14,,
北海道,0109,西胆振,181,66,1205,748,219,50,26,170,78,1621,1108,324,77,30,164,58,1467,984,278,52,13,147,53,1310,880,169,32,,133,58,1209,794,130,25,,122,55,1153,761,99,,,135,68,1424,812,96,,
北海道,0110,東胆振,266,115,1982,1190,324,64,24,240,104,2320,1699,427,102,28,190,64,1953,1465,379,61,18,186,88,1767,1258,271,39,12,157,63,1516,1105,192,31,,146,69,1461,984,135,,,138,64,1635,1018,121,,
北海道,0111,日高,60,18,430,261,69,19,,48,14,500,361,103,25,,40,21,446,327,96,17,,41,17,381,308,75,14,,28,17,380,269,61,,,27,13,314,247,39,,,23,10,328,233,34,,
北海道,0112,上川中部,366,144,2740,1517,372,85,31,386,150,3338,2040,507,121,32,300,135,3044,1954,509,100,20,275,119,2738,1764,400,62,12,265,126,2676,1681,299,29,10,221,105,2315,1403,200,17,,229,123,2549,1403,129,17,
北海道,0113,上川北部,39,11,442,274,69,23,,59,37,523,362,88,19,,41,17,464,400,90,21,,46,21,491,333,81,11,,40,24,489,381,61,,,32,15,421,299,54,,,43,19,509,337,43,,
北海道,0114,富良野,30,12,290,175,49,,,41,11,354,186,60,19,,36,18,320,242,54,,,39,13,376,227,44,,,31,18,329,236,30,,,31,16,312,225,22,,,40,24,389,231,25,,
北海道,0115,留萌,25,,221,183,54,19,10,33,16,326,253,81,28,,32,13,286,273,70,11,,31,,305,232,50,12,,30,13,298,217,44,,,12,15,246,205,37,,,20,15,248,183,28,,
北海道,0116,宗谷,40,15,435,337,101,29,,56,20,567,430,157,30,,46,,489,391,108,37,,45,14,466,398,93,12,,39,21,453,357,61,11,,34,,399,328,38,,,35,16,364,273,27,,
北海道,0117,北網,174,99,1544,955,260,62,21,202,84,1871,1302,329,69,30,154,74,1646,1236,294,50,14,155,87,1558,1207,238,39,,168,59,1524,1081,190,35,,108,47,1102,813,126,,,107,46,1227,810,102,,
北海道,0118,遠紋,45,27,383,257,97,29,10,39,17,484,385,131,30,,42,20,501,390,95,21,,44,17,471,399,93,13,,39,20,441,339,68,,,34,19,369,264,42,,,37,22,447,286,36,,
北海道,0119,十勝,354,135,2580,1518,374,91,31,317,137,3112,2052,568,134,40,271,110,2780,1996,543,97,21,276,122,2689,1893,418,55,16,244,136,2553,1758,336,35,,197,92,2216,1554,221,22,,227,105,2463,1602,175,12,
北海道,0120,釧路,192,75,1672,1093,321,89,20,199,81,2059,1444,425,113,28,174,83,1925,1450,379,90,13,183,83,1749,1263,289,43,,178,62,1695,1215,221,28,,136,75,1420,981,127,,,135,75,1521,925,116,,
北海道,0121,根室,52,22,481,342,92,29,,43,22,543,433,124,32,12,37,,484,381,99,15,,44,18,454,375,85,10,,37,25,422,307,52,,,22,,369,267,25,,,27,23,340,230,23,,
青森県,0201,津軽地域,264,119,2261,1352,360,83,37,265,90,2399,1673,421,89,21,245,98,2339,1526,403,78,14,229,121,2410,1434,258,39,,261,119,2346,1372,202,17,,195,100,1938,1119,134,,,223,123,2111,1133,107,,
青森県,0202,八戸地域,361,168,3005,1821,504,115,38,392,172,3511,2357,613,151,40,424,179,3621,2353,534,82,26,335,161,3449,2048,378,53,11,367,173,3342,1856,262,33,,259,111,2672,1554,186,,,224,145,2538,1409,148,,
青森県,0203,青森地域,302,129,2767,1780,437,119,30,347,136,3307,2248,609,147,37,315,135,3196,2109,490,87,21,338,147,3114,2013,394,45,,299,152,2952,1867,317,39,13,215,114,2304,1391,188,22,,246,133,2634,1408,142,12,
青森県,0204,西北五地域,104,33,729,515,156,25,12,88,39,915,653,191,42,,85,35,928,663,173,41,,104,47,1022,726,130,23,,103,39,927,632,105,,,108,45,931,581,79,12,,109,63,948,577,60,,
青森県,0205,上十三地域,170,51,1533,974,270,84,26,168,73,1701,1199,325,82,26,148,72,1663,1134,245,46,12,156,71,1568,968,211,20,,157,80,1537,983,136,,,118,47,1433,814,90,11,,137,72,1467,759,76,,
青森県,0206,下北地域,48,23,431,357,107,23,12,55,18,532,444,159,26,,56,20,517,404,103,27,,48,19,533,417,86,15,,57,20,550,401,76,,,42,19,502,369,41,,,45,31,533,349,37,,
岩手県,0301,盛岡,638,295,5070,2856,706,168,58,606,271,5685,3622,919,199,56,553,255,5238,3587,760,161,35,507,221,4902,3101,596,82,11,460,233,4773,2804,481,61,,368,149,3925,2416,280,40,,384,208,4342,2515,269,16,
岩手県,0302,岩手中部,335,138,2470,1403,375,100,25,289,123,2700,1694,464,89,26,280,101,2289,1562,390,62,20,263,133,2268,1462,284,30,,238,128,2123,1244,206,26,,222,113,1953,1161,140,,,212,100,2099,1178,111,,
岩手県,0303,胆江,221,98,1410,767,184,39,11,188,103,1548,960,268,56,11,152,80,1311,828,192,38,,147,80,1338,810,132,20,,154,84,1426,763,122,12,,152,91,1391,748,85,,,169,83,1449,737,79,,
岩手県,0304,両磐,161,75,1144,597,178,41,,141,68,1229,785,195,46,,113,61,1139,690,167,25,10,123,66,1179,721,132,20,,177,63,1246,672,87,11,,140,70,1224,616,73,,,135,59,1316,624,56,,
岩手県,0305,気仙,45,20,417,278,73,27,,67,24,564,381,120,14,,62,22,572,420,107,14,,71,29,585,413,91,13,,54,27,562,339,47,,,62,32,522,307,34,,,52,23,579,355,31,,
岩手県,0306,釜石,30,15,329,230,82,19,,37,15,393,322,86,18,,39,19,416,299,82,14,,42,16,377,313,70,12,,35,21,336,269,55,,,33,15,362,237,32,,,28,12,370,213,24,,
岩手県,0307,宮古,72,25,533,364,112,26,,58,31,571,440,157,20,12,71,32,694,502,154,29,,77,32,696,504,99,12,,67,26,623,439,66,,,53,21,693,402,62,,,83,26,804,526,43,,
岩手県,0308,久慈,41,19,423,276,82,19,,55,17,517,349,93,17,,60,19,536,366,69,26,,52,27,507,325,59,,,49,29,592,376,64,,,49,17,526,349,31,,,41,10,620,390,51,,
岩手県,0309,二戸,57,31,393,275,67,15,,67,14,461,334,97,17,10,47,28,494,359,89,17,,60,27,570,346,56,,,66,32,582,342,47,,,88,20,626,362,43,,,59,27,655,353,43,,
宮城県,0401,仙南,217,96,1559,1047,263,68,20,202,80,1735,1192,285,67,25,175,75,1494,1057,281,61,13,173,91,1496,969,190,30,,189,96,1617,1035,158,,,194,103,1813,1053,144,19,,218,94,1963,1142,114,,
宮城県,0403,仙台,2295,1036,18039,9633,2278,537,149,2301,923,20686,12318,2985,596,177,1946,786,18872,11967,2603,483,102,1658,693,15719,9772,1876,265,56,1395,702,13729,8272,1322,143,27,1155,517,12119,7164,892,95,,1339,658,13519,7491,795,62,
宮城県,0406,大崎・栗原,340,139,2645,1652,480,100,29,305,130,2672,1867,495,122,30,227,120,2286,1665,419,80,36,276,117,2501,1576,346,39,11,305,127,2705,1699,266,,,285,122,2750,1578,211,18,,259,105,2752,1679,155,,
宮城県,0409,石巻・登米・気仙沼,327,171,2872,1941,544,130,42,326,134,3141,2370,608,157,33,313,124,2973,2234,559,95,32,295,122,2946,2166,454,59,,288,147,3133,2122,353,45,,308,153,3204,2133,266,20,,336,142,3630,2349,277,30,
秋田県,0501,大館・鹿角,117,48,938,538,122,33,,111,46,1106,655,164,29,13,101,44,950,614,151,26,,115,57,1022,671,108,15,,107,57,1071,645,83,,,100,46,936,537,52,,,106,45,941,509,45,,
秋田県,0502,北秋田,20,18,213,139,45,,,29,13,275,186,52,,,16,13,263,192,46,,,30,17,294,237,37,,,31,11,308,209,20,,,36,12,303,205,30,,,28,13,292,215,26,,
秋田県,0503,能代・山本,71,33,596,372,94,,,87,34,656,460,113,26,10,61,24,684,463,117,24,,81,30,684,487,80,13,,95,35,740,456,67,,,77,31,698,395,47,,,86,38,729,383,38,,
秋田県,0504,秋田周辺,469,192,3889,2220,574,113,37,476,226,4433,2914,692,132,55,414,177,3964,2806,622,97,23,361,189,4008,2504,458,75,20,356,201,3831,2356,357,50,,302,155,3226,1816,229,21,,352,143,3354,1688,150,15,
秋田県,0505,由利本荘・にかほ,118,41,828,451,114,28,12,98,41,834,543,126,34,,90,62,814,503,130,23,,102,44,845,519,97,10,,96,40,887,546,71,10,,129,40,939,533,67,,,84,30,1010,482,57,,
秋田県,0506,大仙・仙北,121,43,993,640,188,32,13,84,44,1089,741,220,38,11,95,50,988,704,165,31,,108,40,1053,723,119,20,,131,57,1215,762,131,,,129,67,1247,699,77,,,133,74,1352,684,79,,
秋田県,0507,横手,102,36,843,486,148,38,,95,49,845,611,124,22,11,85,35,743,539,136,18,,94,32,876,493,76,17,,119,47,941,486,78,,,105,35,905,435,61,,,99,44,959,489,45,,
秋田県,0508,湯沢・雄勝,66,41,498,303,71,21,,47,30,499,373,83,,,62,19,556,347,90,,,83,33,633,391,62,,,85,39,673,415,65,,,84,31,699,382,36,,,76,28,716,386,29,,
山形県,0601,村山,862,426,6256,3334,826,181,54,736,336,6674,3859,938,205,49,709,289,5969,3654,837,148,43,634,301,5687,3440,585,75,22,670,355,5869,3127,505,53,,633,306,5669,2968,341,32,,641,371,6074,3043,298,18,
山形県,0602,最上,72,31,683,455,133,30,,82,47,738,537,130,37,,60,33,641,513,132,25,,80,42,765,510,104,21,,96,49,861,571,98,,,87,54,865,544,65,,,83,37,912,530,53,,
山形県,0603,置賜,335,143,2361,1278,323,72,30,286,131,2604,1513,391,69,,279,166,2365,1466,335,53,,296,156,2297,1432,229,30,,254,142,2449,1329,189,,,289,173,2265,1286,114,,,256,138,2423,1288,114,,
山形県,0604,庄内,467,198,2968,1547,393,98,,426,153,3313,1899,456,85,29,370,157,3123,1812,430,60,26,378,164,3019,1795,314,44,,416,198,3159,1816,257,33,,348,165,3233,1678,233,15,,390,215,3441,1769,196,13,
福島県,0701,県北,642,309,4682,2617,695,155,60,662,284,5428,3426,813,153,46,607,232,5148,3243,759,147,32,551,230,5002,2977,545,91,17,545,239,4887,2742,381,57,11,459,248,4493,2481,279,33,,541,271,5151,2587,257,21,
福島県,0702,県中,652,289,5090,2964,761,165,41,628,290,5639,3661,850,156,53,494,236,5054,3342,723,121,38,561,197,4880,2905,559,85,18,527,217,4761,2913,426,54,,421,213,4329,2469,286,27,,446,200,4591,2448,243,17,
福島県,0703,県南,211,85,1554,847,240,55,16,181,77,1604,1008,261,58,21,133,67,1427,918,197,43,,151,81,1485,942,161,20,,151,88,1519,836,108,,,148,74,1474,821,103,,,145,75,1522,825,70,,
福島県,0706,相双,127,57,1121,770,234,59,20,153,42,1336,978,256,66,17,113,47,1198,933,230,38,,101,48,1207,866,191,23,,119,54,1398,907,130,27,,146,68,1545,1067,148,18,,146,71,1806,1176,136,13,
福島県,0707,いわき,351,163,3111,1825,422,122,38,407,172,3507,2363,626,133,45,337,118,3372,2280,593,117,28,308,147,2985,2100,429,60,14,299,135,2725,1828,318,42,11,239,114,2299,1500,241,,,219,94,2379,1408,162,,
福島県,0708,会津・南会津,315,135,2216,1391,370,95,28,268,112,2492,1684,446,89,20,255,117,2272,1586,427,68,12,276,139,2468,1717,324,49,11,267,155,2675,1636,237,,,277,133,2609,1567,172,,,279,142,2909,1616,155,17,
茨城県,0801,水戸,640,234,4872,2640,655,174,37,625,254,5697,3407,825,185,50,607,262,5261,3365,813,125,25,484,212,4571,2754,524,87,16,428,175,4013,2318,344,29,,323,137,3355,1880,201,16,,319,175,3354,1599,134,13,
茨城県,0802,日立,265,117,2381,1441,369,89,19,329,122,3130,1944,484,116,32,318,123,3434,2032,514,92,27,267,112,2906,1803,360,54,,213,99,2458,1546,251,33,,181,82,2118,1170,160,,,202,109,2331,1174,89,,
茨城県,0803,常陸太田・ひたちなか,463,239,3584,1976,525,134,43,494,182,4454,2614,665,153,37,433,183,4509,2810,652,124,30,417,158,4088,2430,430,64,16,333,152,3547,1939,282,46,,311,129,3158,1625,168,,,332,149,3442,1528,133,,
茨城県,0804,鹿行,273,106,2480,1623,443,117,29,286,113,2894,2094,572,132,34,233,102,2612,1958,479,96,23,226,81,2247,1551,307,46,18,211,86,1972,1357,243,34,,189,104,1996,1249,175,27,,204,95,2135,1158,145,11,
茨城県,0805,土浦,331,143,2471,1440,449,107,30,351,141,3043,1904,519,111,28,326,114,2846,1905,480,70,16,246,106,2474,1603,319,56,,204,84,2089,1274,187,30,,211,77,1941,1151,132,,,187,103,2116,1063,85,,
茨城県,0806,つくば,552,261,4559,2301,522,131,38,502,202,4613,2886,664,127,38,443,178,4017,2504,543,96,20,313,118,3190,2056,360,67,12,263,123,2667,1542,226,28,,207,89,2117,1190,159,,,234,107,2275,1184,115,,
茨城県,0807,取手・竜ヶ崎,603,284,4623,2434,639,158,51,672,280,5751,3387,852,190,40,564,240,5236,3289,785,141,45,481,178,4368,2690,535,93,17,369,184,3641,2231,381,46,,358,174,3509,1996,221,24,,476,191,4518,2072,185,10,
茨城県,0808,筑西・下妻,285,129,2330,1375,374,90,31,317,111,2702,1728,502,85,27,254,102,2438,1706,413,88,12,250,122,2170,1428,266,36,,215,109,2221,1229,216,27,,223,115,2121,1228,133,,,199,99,2019,1045,90,,
茨城県,0809,古河・坂東,281,121,2184,1224,316,72,39,284,118,2429,1604,434,92,19,240,100,2450,1625,362,79,17,239,123,1979,1319,214,34,,227,114,1925,1171,159,17,,163,96,1752,958,121,,,209,103,1872,970,78,,
栃木県,0901,県北,539,265,4003,2308,613,146,47,542,203,4411,2709,764,141,34,452,181,4031,2617,606,99,29,391,190,3599,2150,407,58,11,415,202,3652,1998,270,29,11,402,173,3691,1898,207,17,,466,204,4010,1837,195,11,
栃木県,0902,県西,232,90,1552,934,248,56,28,209,92,1919,1368,334,64,23,207,75,1903,1334,312,54,15,176,86,1745,1117,203,32,,185,85,1768,1000,156,22,,179,89,1535,940,121,,,193,83,1749,873,75,,
栃木県,0903,宇都宮,881,376,6728,3495,895,215,66,817,306,7483,4518,1043,233,68,696,276,6825,4375,983,204,46,570,220,5732,3417,619,115,20,492,205,4525,2504,406,38,12,282,134,3310,1713,206,,,349,170,3336,1648,144,,
栃木県,0904,県東,212,109,1647,977,258,67,24,203,78,1785,1217,328,67,17,168,89,1616,1007,229,39,11,184,66,1487,867,172,28,,181,73,1475,851,120,15,,183,101,1533,856,85,,,165,97,1695,790,87,,
栃木県,0905,県南,640,288,4842,2854,713,162,48,659,292,6129,3771,946,227,66,560,259,5363,3612,823,151,45,483,241,4686,2915,585,87,22,491,227,4320,2516,405,36,,425,197,3955,2180,281,28,,433,248,4177,2026,198,10,
栃木県,0906,両毛,304,143,2365,1437,364,99,23,302,141,2900,1848,494,120,32,324,149,2791,1850,425,101,16,291,126,2440,1571,300,35,11,245,123,2116,1228,214,33,,207,121,1980,957,113,,,211,120,2190,1045,105,,
群馬県,1001,前橋,481,200,3677,1992,477,104,31,477,196,4342,2509,660,116,40,438,207,4102,2486,546,113,34,373,154,3619,2050,388,55,18,374,167,3092,1787,231,26,,282,149,2835,1472,168,,,335,187,3217,1458,148,,
群馬県,1002,渋川,141,61,1077,618,141,42,15,147,63,1246,745,173,28,20,115,46,1175,732,157,23,,98,54,1052,587,137,12,,142,47,1149,582,80,,,123,50,1022,501,50,,,130,86,1125,483,32,,
群馬県,1003,伊勢崎,370,172,2623,1431,344,69,27,381,167,3212,1799,468,99,28,359,174,3000,1795,412,71,31,312,150,2599,1487,276,41,,228,133,2269,1229,182,21,,201,113,1927,1008,112,,,257,145,2217,1080,95,,
群馬県,1004,高崎・安中,566,272,4494,2276,549,121,36,628,286,5573,3080,687,139,50,562,277,5402,3168,664,97,38,475,245,4552,2482,453,58,10,389,187,3809,1937,295,40,,348,168,3268,1582,152,,,430,227,3761,1569,126,,
群馬県,1005,藤岡,72,33,572,295,95,23,,87,31,781,435,122,22,,75,47,674,435,100,29,,77,41,630,371,69,,,59,29,593,329,51,,,62,25,562,265,35,,,77,36,755,309,22,,
群馬県,1006,富岡,94,34,556,311,68,17,,93,38,746,389,98,13,,89,35,727,356,83,17,,95,44,720,352,73,,,98,36,727,336,45,,,84,35,783,362,44,,,97,54,901,371,20,,
群馬県,1007,吾妻,43,14,359,216,62,15,,59,21,500,309,77,20,,57,17,518,336,80,11,,61,25,542,281,48,13,,56,27,619,317,49,12,,69,24,587,334,38,,,77,36,719,347,28,,
群馬県,1008,沼田,58,31,595,360,93,21,10,88,32,739,478,125,22,,98,29,800,477,116,23,,74,39,805,461,77,15,,89,44,851,464,58,,,101,43,911,484,41,,,100,62,994,526,34,,
群馬県,1009,桐生,176,82,1292,789,207,38,18,170,86,1711,1083,264,51,18,186,80,1742,1110,247,48,13,203,85,1495,869,154,20,,153,82,1374,756,122,13,,129,68,1238,679,51,,,197,85,1681,847,61,,
群馬県,1010,太田・館林,557,235,4382,2492,653,151,60,568,249,4989,3073,801,180,47,510,217,4548,3058,682,147,36,421,198,3748,2388,409,64,,347,204,2937,1673,297,24,,315,155,2943,1479,175,,,452,220,3864,1840,160,,
埼玉県,1101,南部,1162,511,9359,4868,1168,252,75,1036,439,10701,6385,1517,276,101,1041,417,10139,6421,1574,286,79,822,351,7881,5015,984,155,48,601,307,5689,3395,599,75,12,478,212,4406,2389,322,27,,579,307,5070,2468,257,16,
埼玉県,1102,南西部,1178,473,8608,4296,946,207,70,1089,448,9841,5671,1322,279,65,1078,419,9495,5677,1243,215,68,843,388,7588,4515,834,129,34,564,275,5428,3083,459,80,11,469,232,4421,2258,295,34,,619,328,5661,2579,227,20,
埼玉県,1103,東部,1433,656,11762,6553,1631,370,123,1572,631,14325,9240,2190,476,138,1363,556,13507,9166,2175,421,118,1062,482,10373,6849,1351,224,49,867,409,7910,4773,778,99,11,806,374,6971,4014,501,44,,1064,533,9540,4818,510,44,
埼玉県,1104,さいたま,2113,813,16374,7784,1631,355,87,1945,778,18323,10272,2250,489,118,1898,703,17511,10591,2334,379,96,1579,617,14385,8315,1523,251,58,1150,512,11142,6197,896,97,31,804,366,8108,4112,520,51,,930,514,9203,4151,438,22,
埼玉県,1105,県央,741,321,5615,2913,679,151,51,807,330,6748,4125,989,202,64,734,333,6743,4111,979,180,37,569,276,5517,3321,603,74,24,481,233,4523,2608,385,47,14,450,206,4210,2147,248,,,607,328,5495,2403,227,,
埼玉県,1106,川越比企,1088,507,8313,4400,1044,250,65,1179,520,10021,5981,1334,287,86,1066,431,9520,5766,1347,242,67,828,403,7735,4502,883,126,30,739,342,6574,3697,589,77,,650,346,6214,3012,381,32,,887,476,8014,3509,310,20,
埼玉県,1107,西部,992,442,7524,3909,950,197,58,1083,510,9459,5548,1326,251,75,1038,442,9193,5826,1307,207,57,847,376,7895,4564,938,149,30,685,313,6617,3720,626,81,,654,297,6080,3066,342,32,,972,459,7856,3401,302,17,
埼玉県,1108,利根,795,344,5936,3269,856,217,61,866,390,7353,4611,1139,224,73,795,349,6895,4413,1020,204,54,677,333,5731,3528,722,102,26,593,308,5480,3114,506,65,11,571,272,5375,2945,331,28,,728,360,6602,3149,293,24,
埼玉県,1109,北部,681,322,5027,2637,689,139,,686,302,5807,3427,842,169,,612,305,5494,3518,766,143,41,562,244,4827,2842,493,80,,468,228,4435,2375,328,,,442,239,4157,2125,226,,,547,277,4445,2017,187,,
埼玉県,1110,秩父,103,51,744,397,116,25,,97,46,905,534,132,24,,121,41,960,575,127,34,10,115,62,897,519,101,15,,101,46,958,504,68,,,117,48,958,450,51,,,117,55,1049,444,28,,
千葉県,1201,千葉,1302,570,10254,5351,1268,292,89,1370,524,12823,7557,1877,392,119,1328,539,13205,8069,1866,324,107,1026,466,10456,6130,1258,209,39,763,352,7692,4477,767,90,23,527,242,5439,3033,394,55,,719,357,6817,3091,321,27,
千葉県,1202,東葛南部,2662,1155,20626,10494,2538,526,141,2578,1087,24529,14069,3241,601,202,2553,1017,24046,14464,3315,600,179,1914,770,18706,11339,2224,313,81,1317,618,13208,7496,1278,164,39,948,500,9828,5366,681,78,,1434,765,12483,6016,632,44,
千葉県,1203,東葛北部,1980,896,15784,8119,1944,439,119,1984,820,18282,10600,2555,524,139,1798,693,17103,10723,2466,464,105,1415,577,13620,8158,1650,263,54,1083,526,10448,6166,974,115,32,915,433,8923,4808,584,61,,1284,637,11811,5377,522,40,
千葉県,1204,印旛,867,335,6671,3769,955,188,58,847,337,7771,4820,1242,262,77,684,295,7245,5007,1120,212,64,594,253,6079,3786,752,124,31,511,228,5556,3375,564,74,11,556,232,5483,2910,382,37,,665,334,6345,2962,278,20,
千葉県,1205,香取海匝,213,111,2043,1182,343,68,23,234,97,2347,1645,415,97,37,249,95,2254,1713,423,77,,235,116,2182,1459,289,41,20,210,120,2231,1486,254,27,,228,113,2325,1392,200,12,,278,132,2829,1496,172,13,
千葉県,1206,山武長生夷隅,412,172,3031,1876,517,125,48,381,166,3766,2596,698,159,51,383,133,3761,2584,658,132,38,349,168,3497,2323,497,86,17,341,179,3542,2200,390,43,,341,179,3615,2204,243,22,,460,237,4274,2245,249,16,
千葉県,1207,安房,78,33,717,475,139,30,10,82,26,924,612,187,44,13,80,41,928,700,185,31,,92,25,787,570,128,17,,71,37,861,535,97,12,,76,48,803,489,51,,,108,48,887,481,51,,
千葉県,1208,君津,362,178,2910,1913,501,114,42,363,124,3551,2449,708,145,45,313,135,3295,2307,610,129,25,248,122,2708,1918,414,86,14,249,134,2645,1640,275,39,,261,138,2780,1640,222,15,,338,191,3465,1732,184,14,
千葉県,1209,市原,274,136,2164,1312,353,76,25,307,117,2795,1794,478,124,38,240,119,2648,1803,482,95,32,201,77,2150,1491,308,54,,195,104,1919,1235,231,31,,201,101,2214,1305,153,,,285,123,2591,1255,119,,
東京都,1301,区中央部,2912,1135,22419,9973,2161,426,114,2568,958,23746,12290,2757,513,163,2214,891,22116,12347,2588,468,101,1806,739,18236,9964,1790,288,78,1161,543,11872,6627,1033,114,25,623,301,5875,3169,451,43,,556,309,5143,2531,319,21,
東京都,1302,区南部,2204,923,16622,7799,1674,389,121,1961,809,18117,9758,2178,487,120,1874,705,17631,10248,2158,413,103,1433,634,13827,7592,1458,255,59,1011,464,9238,5216,891,126,25,682,310,6029,3331,501,40,,772,422,7065,3500,380,36,
東京都,1303,区西南部,2480,904,18395,7154,1309,242,84,2195,772,19177,8521,1588,302,79,1841,756,17494,8532,1540,286,57,1566,661,14899,7372,1221,175,34,1060,500,10506,5248,774,98,18,689,357,6925,3381,433,39,,821,478,7587,3505,353,47,
東京都,1304,区西部,2392,1017,17002,7373,1583,357,127,2066,838,17277,8748,1917,385,100,1740,723,15970,8382,1723,344,94,1458,619,13154,6886,1247,223,38,1060,452,9486,4882,821,84,24,663,334,6545,3425,433,48,,814,466,7351,3292,362,30,
東京都,1305,区西北部,3216,1439,23766,11455,2582,570,169,2887,1237,24967,13796,3222,655,193,2611,1138,23531,13581,3055,616,138,2154,979,19400,11212,2210,385,84,1646,767,15101,8488,1444,200,35,1184,608,11394,6050,833,91,16,1451,757,13004,6419,708,60,13
東京都,1306,区東北部,1735,726,13907,7616,1822,411,140,1725,715,16037,9820,2434,562,160,1623,744,15156,9964,2396,431,129,1351,637,12080,7937,1660,295,62,1041,490,9368,5831,1091,135,38,823,437,7718,4670,741,86,,1084,580,9964,5454,638,66,
東京都,1307,区東部,2509,1047,19897,9834,2321,515,163,2413,1034,22588,12896,2991,590,182,2319,942,22219,13520,3130,569,147,1818,776,17386,10289,1977,310,81,1248,585,11547,6751,1150,161,26,856,453,8325,4750,689,65,,1093,602,9981,5178,641,57,
東京都,1308,西多摩,478,,3502,1887,445,,,517,,4326,2606,654,,,553,,4638,2912,660,,,416,,3986,2370,435,,,363,183,3298,1872,316,,,361,177,3300,1627,176,,,497,290,4610,2026,177,,
東京都,1309,南多摩,2091,969,15194,7282,1771,386,114,2117,881,18159,10202,2344,476,136,2126,881,18995,11318,2427,473,126,1771,752,15968,9095,1628,250,61,1310,574,11839,6406,1030,124,28,1058,527,10012,4980,628,52,,1633,796,13714,5968,540,53,
東京都,1310,北多摩西部,1019,498,7618,3508,817,171,51,980,418,8658,4814,1070,206,53,959,372,8402,5101,1082,237,42,837,372,7583,4245,760,115,29,593,283,5624,3065,494,50,15,494,243,4463,2260,262,,,637,332,5688,2572,272,,
東京都,1311,北多摩南部,1876,842,13448,5767,1228,275,91,1649,666,14289,7213,1528,306,77,1548,613,14061,7717,1575,281,87,1379,564,12264,6477,1170,172,38,964,418,8822,4643,729,95,16,723,353,6522,3412,457,50,,959,523,8427,3790,361,33,
東京都,1312,北多摩北部,1108,502,8224,3895,863,196,48,1046,438,9235,5117,1118,212,61,1036,400,9324,5384,1157,184,58,898,400,8250,4602,909,135,26,695,300,6401,3514,551,58,15,519,276,5070,2711,314,45,,730,400,6550,2892,282,24,
東京都,1313,島しょ,21,,205,109,36,,,25,,230,172,32,,,21,,240,149,31,,,19,,233,125,27,,,15,10,177,117,20,,,18,14,198,108,15,,,27,22,225,125,10,,
神奈川県,1404,川崎北部,1494,631,10817,4868,1101,199,67,1408,598,12011,6207,1357,265,84,1260,510,12133,6663,1417,266,59,1076,463,10140,5470,1015,166,35,715,313,6607,3551,568,55,16,492,197,4310,2116,248,30,,492,246,4498,2036,182,15,
神奈川県,1405,川崎南部,1295,570,9604,4720,1108,279,74,1156,449,10709,6052,1445,302,101,1039,410,9352,5846,1362,312,74,741,341,7237,4267,869,141,36,496,237,4862,2885,471,66,18,339,158,3110,1697,239,,,282,164,2946,1452,131,,
神奈川県,1406,横須賀・三浦,806,328,5970,2990,690,159,50,895,381,8040,4607,1112,218,69,911,375,8613,5162,1080,223,51,751,318,7523,4302,877,147,22,626,297,6013,3407,532,62,21,426,212,4427,2450,340,38,,582,304,5322,2571,263,28,
神奈川県,1407,湘南東部,1121,444,8622,3867,869,154,47,1070,425,10282,5315,1128,250,49,1117,425,10207,5773,1151,208,52,954,393,8558,4592,847,127,19,657,272,6093,3253,520,57,,481,205,4184,2106,274,27,,604,290,5727,2518,235,16,
神奈川県,1408,湘南西部,785,333,5766,2983,695,167,54,813,335,6892,4092,970,183,75,815,351,7048,4169,931,208,56,652,285,5995,3564,712,123,23,493,254,4875,2563,425,57,,406,237,3941,2026,226,24,,574,316,5352,2228,207,16,
神奈川県,1409,県央,1214,583,9447,4893,1214,279,83,1257,522,11175,6815,1702,342,83,1172,505,11044,7161,1642,310,75,956,468,9039,5543,1132,219,41,710,317,6706,3943,624,80,15,571,246,4988,2689,325,29,,725,357,6715,3141,329,21,
神奈川県,1410,相模原,946,437,7561,4039,928,183,62,991,454,8860,5267,1285,271,74,914,402,8841,5632,1288,243,52,813,357,7423,4453,892,143,45,640,260,5511,3034,502,64,13,432,200,4031,2086,258,27,,506,262,4708,2140,193,15,
神奈川県,1411,県西,511,223,3530,1783,437,99,28,479,190,4341,2453,611,131,43,486,209,4384,2638,615,112,31,441,199,4010,2233,420,72,11,374,162,3034,1626,273,31,,228,120,2239,1181,126,,,339,181,2839,1297,109,,
神奈川県,1412,横浜,5969,2496,43998,21143,4669,1014,280,5922,2273,51966,28682,6274,1286,353,5759,2249,53731,31154,6623,1160,325,4665,1999,44946,25307,4800,708,175,3334,1522,32056,17433,2775,372,53,2182,1016,21414,10793,1310,125,,2385,1301,22142,9765,922,64,
新潟県,1501,下越,295,133,2157,1031,275,54,16,309,139,2253,1373,309,64,25,292,132,2327,1301,317,56,20,257,144,2256,1257,232,36,,271,145,2244,1118,149,21,,253,124,2159,1113,141,,,279,159,2534,1221,124,,
新潟県,1502,新潟,1547,739,10732,4791,1073,241,69,1641,745,12683,6266,1399,280,71,1502,645,11466,6047,1228,246,54,1326,604,10012,5082,908,140,33,1113,583,8757,4222,587,73,,854,439,7449,3672,381,32,,923,514,8239,3748,352,22,
新潟県,1503,県央,428,179,2534,1078,251,34,14,399,167,3003,1433,343,70,25,424,186,2799,1439,299,60,16,368,199,2463,1295,205,28,11,297,146,2315,1137,174,,,267,119,2196,965,93,,,293,140,2282,952,79,,
新潟県,1504,中越,838,371,5204,2475,528,128,38,791,339,5971,3103,709,111,36,699,309,5545,2967,610,115,26,649,326,4991,2639,435,73,12,619,328,4702,2296,287,36,,500,256,4126,1923,176,18,,543,295,4808,2135,212,13,
新潟県,1505,魚沼,246,128,1685,848,188,40,,250,95,1963,935,239,47,,246,103,1777,906,201,41,,229,112,1819,823,157,17,,271,125,1967,861,116,,,300,148,2138,839,79,,,315,173,2390,900,56,,
新潟県,1506,上越,504,259,3093,1352,301,71,23,550,244,3643,1711,374,99,21,520,234,3387,1702,327,56,25,420,245,3218,1525,264,36,12,428,223,3110,1417,219,15,,386,178,2845,1277,136,,,425,241,3319,1333,118,,
新潟県,1507,佐渡,72,33,464,260,62,14,,66,25,525,279,78,14,,63,34,575,308,87,19,,68,27,553,341,70,10,,78,29,628,344,45,,,86,38,584,336,41,,,83,44,767,369,41,,
富山県,1601,新川,197,87,1336,610,154,27,,208,83,1659,916,204,44,,194,76,1574,885,168,37,,147,55,1304,761,139,17,,126,55,1252,675,85,11,,104,56,1076,523,80,,,141,77,1172,602,49,,
富山県,1602,富山,915,381,6052,2804,645,154,45,918,394,7507,4040,873,173,53,778,371,6937,3954,836,150,41,586,312,5633,3049,551,82,11,515,245,4533,2505,355,48,,393,181,3582,1877,246,16,,393,221,3972,1861,190,11,
富山県,1603,高岡,560,261,3527,1643,427,84,22,560,246,4504,2446,585,121,33,492,210,4109,2316,499,74,21,398,208,3406,1849,336,68,12,336,166,2884,1575,240,22,,278,139,2727,1347,176,,,378,228,3607,1768,148,,
富山県,1604,砺波,231,109,1377,623,146,36,,222,87,1751,864,234,48,,200,93,1484,840,168,39,,155,78,1332,725,145,21,,148,70,1289,792,101,10,,156,62,1284,655,77,,,203,88,1787,860,80,,
石川県,1701,南加賀,341,144,2536,1129,250,59,16,425,182,3259,1665,351,74,28,325,132,2771,1529,319,51,20,273,112,2350,1261,251,39,,234,116,1987,1040,154,22,,179,80,1734,806,75,,,274,134,2299,1009,82,,
石川県,1702,石川中央,1291,548,8887,3959,875,189,51,1280,497,10871,5601,1142,257,70,1088,499,9648,5234,1137,208,52,823,390,7730,4218,726,103,24,730,337,6442,3450,477,65,12,537,277,5202,2805,315,23,,703,349,6284,3124,295,27,
石川県,1703,能登中部,129,48,1004,579,162,45,,139,72,1300,869,187,41,,121,60,1192,780,183,19,,122,50,1133,676,133,,,118,58,1095,660,96,,,124,51,1088,649,68,,,148,71,1474,759,70,,
石川県,1704,能登北部,38,18,371,247,60,12,,43,28,490,373,93,17,,54,22,470,339,81,16,,54,23,559,323,67,,,55,24,618,357,60,,,75,41,642,358,36,,,92,40,859,451,46,,
福井県,1801,福井・坂井,654,290,4535,2075,470,98,33,625,249,5356,2816,615,120,40,588,215,4784,2792,597,109,39,458,210,4218,2404,423,58,15,363,197,3740,2020,296,34,,299,160,2815,1482,168,,,315,150,2940,1455,107,,
福井県,1802,奥越,92,35,562,257,54,15,,81,17,642,350,73,15,,75,26,543,331,78,11,,68,39,520,318,48,10,,68,35,567,287,39,,,51,40,532,311,25,,,59,37,596,282,18,,
福井県,1803,丹南,313,136,2233,1055,226,44,14,325,141,2523,1304,298,51,19,238,120,2169,1260,243,36,,220,93,1869,1094,175,22,,219,82,1570,893,129,19,,114,67,1248,710,81,,,148,81,1410,662,70,,
福井県,1804,嶺南,206,75,1461,637,172,28,,155,74,1599,902,198,35,,145,58,1444,906,224,38,11,143,60,1363,818,143,23,,146,72,1287,736,105,,,123,66,1074,661,70,,,132,64,1216,574,66,,
山梨県,1901,中北,712,309,5102,2543,614,133,59,738,315,6061,3288,798,134,57,639,296,6078,3259,711,121,25,579,309,5423,2777,515,72,14,548,263,4573,2151,309,38,,499,242,4171,1885,205,17,,561,280,4658,1747,133,11,
山梨県,1902,峡東,150,65,1304,666,166,42,,170,71,1562,938,231,45,,200,93,1623,1000,195,41,,147,76,1498,781,138,23,,156,84,1382,728,101,11,,140,61,1367,637,60,,,162,85,1537,698,70,,
山梨県,1903,峡南,71,39,414,222,64,13,,62,26,510,320,79,16,,43,22,573,353,78,11,,62,42,608,296,45,10,,79,25,614,341,54,10,,74,48,680,313,45,,,85,44,816,337,23,,
山梨県,1904,富士・東部,181,86,1600,853,228,53,22,198,86,1847,1115,249,55,18,215,85,2092,1258,263,50,,229,99,2076,1229,214,34,,185,83,1882,1058,173,18,,186,73,1726,912,95,,,165,99,1830,844,67,,
長野県,2001,佐久,307,151,2171,1072,243,50,12,315,129,2366,1317,302,56,15,248,109,2320,1373,296,40,15,229,119,2129,1249,222,39,,205,103,2142,1083,161,11,,230,97,1947,993,124,,,259,133,2396,1089,95,,
長野県,2002,上小,291,134,1993,867,206,52,25,301,131,2459,1280,309,63,16,265,115,2240,1252,296,48,14,244,119,1938,1077,186,38,,212,108,1723,864,133,21,,211,83,1562,773,93,,,210,93,1758,794,66,,
長野県,2003,諏訪,295,154,2129,883,200,32,14,327,146,2647,1257,281,56,14,367,153,2440,1307,267,46,12,254,103,2023,1074,175,36,,207,101,1723,812,142,10,,193,73,1610,718,72,,,225,120,1995,839,93,,
長野県,2004,上伊那,334,177,2202,936,259,45,,381,173,2678,1356,299,62,10,317,141,2438,1275,268,40,,257,109,2110,1107,192,26,,224,122,2019,956,127,13,,202,111,1739,799,91,,,275,155,2129,863,61,,
長野県,2005,飯伊,278,147,1848,769,147,27,10,286,124,2040,1044,179,48,12,254,124,1998,1024,191,40,,232,135,1787,921,179,13,,194,142,1626,753,103,12,,202,111,1595,718,72,,,214,137,1652,684,58,,
長野県,2006,木曽,31,11,201,127,29,,,36,15,263,172,43,,,34,11,306,143,35,,,33,15,322,202,35,,,33,11,311,151,16,,,40,19,335,188,18,,,49,15,444,207,24,,
長野県,2007,松本,769,337,4949,2293,512,81,36,759,315,6063,3184,648,140,19,694,308,5771,3103,632,129,24,551,248,4730,2623,458,63,14,410,210,3920,1999,274,34,,355,190,3407,1799,207,19,,470,266,4065,1818,169,10,
長野県,2008,大北,69,35,559,279,56,,,82,35,706,393,91,,,83,32,680,436,80,,,74,43,688,380,63,,,69,28,613,347,52,,,76,34,618,329,41,,,103,68,874,380,42,,
長野県,2009,長野,935,411,6388,2679,653,120,49,949,429,7670,3760,802,135,51,898,413,7407,3825,812,127,24,768,317,6333,3219,594,74,28,594,298,5464,2684,418,54,,510,287,4708,2261,252,20,,637,329,5679,2604,256,25,
長野県,2010,北信,127,53,844,395,107,20,,133,70,967,525,105,20,,143,65,954,504,109,,,137,51,980,506,71,11,,120,32,955,460,62,,,113,59,904,450,50,,,146,73,1036,497,27,,
岐阜県,2101,岐阜,1213,609,8575,4147,859,186,65,1314,528,10607,5553,1275,263,69,1138,483,10035,5708,1224,213,62,936,435,8154,4622,861,115,24,737,384,6705,3626,527,60,,596,347,5647,2954,341,35,,843,436,7222,3237,317,28,
岐阜県,2102,西濃,519,254,3818,1876,483,98,31,575,239,4682,2594,612,112,25,531,225,4320,2595,562,115,38,440,197,3687,2197,437,53,13,415,215,3203,1867,298,33,,349,188,2891,1441,184,21,,375,246,3331,1530,150,14,
岐阜県,2103,中濃,587,274,3911,1934,441,91,35,554,233,4807,2536,570,112,36,497,222,4355,2461,502,70,,423,191,3781,1962,347,54,17,456,215,3650,1731,229,,,390,217,3346,1548,150,,,505,253,3895,1562,121,,
岐阜県,2104,東濃,573,269,3644,1592,356,91,,548,282,4473,2230,477,99,23,543,254,4266,2201,405,78,,494,229,3951,1895,316,41,,433,193,3431,1665,203,27,,373,183,3084,1324,116,,,418,198,3464,1233,107,,
岐阜県,2105,飛騨,212,104,1593,740,155,37,,250,84,1976,1043,185,38,10,209,98,1873,1027,177,32,,197,89,1785,833,131,21,,203,99,1635,791,96,,,201,99,1512,624,66,,,289,157,2003,715,57,,
静岡県,2201,賀茂,33,17,355,199,64,10,,57,15,471,291,73,21,,78,19,539,379,83,15,,52,17,508,305,72,,,45,23,459,296,44,,,44,17,481,288,33,,,68,42,604,293,22,,
静岡県,2202,熱海伊東,57,36,482,286,77,19,,82,41,754,471,137,31,,73,43,828,571,125,23,,85,44,764,491,95,,,86,52,792,446,79,,,85,48,747,427,47,,,150,76,1217,551,54,,
静岡県,2203,駿東田方,934,379,6997,3477,930,211,64,955,376,8283,4955,1204,224,74,869,388,8108,5095,1127,218,72,723,328,6974,4361,879,123,30,657,316,5933,3262,557,69,,583,253,4931,2728,356,26,,733,352,6138,2758,265,17,
静岡県,2204,富士,577,239,4406,2356,590,114,42,601,255,5168,3038,767,158,48,572,263,5111,3155,742,148,24,491,203,4467,2593,499,76,16,419,191,3623,2041,309,41,,324,151,2925,1524,164,20,,396,205,3222,1409,151,13,
静岡県,2205,静岡,999,479,7695,3545,847,164,51,1134,490,9335,5142,1222,258,53,1078,451,9277,5372,1166,234,49,898,413,7827,4351,857,106,27,821,405,6663,3436,528,72,20,613,332,5182,2601,310,35,,769,390,6034,2508,237,16,
静岡県,2206,志太榛原,785,370,5184,2286,474,103,39,843,359,6035,3045,687,143,43,715,341,5697,2969,616,112,23,659,296,4924,2506,414,76,17,590,317,4516,2194,280,32,,461,246,3847,1711,191,,,651,326,4467,1679,102,,
静岡県,2207,中東遠,992,433,6227,2704,600,158,43,891,427,6745,3554,772,175,43,717,335,5971,3086,692,145,41,629,308,5216,2575,475,59,22,645,326,4930,2206,300,29,,562,291,4247,1780,165,,,635,393,4804,1682,118,,
静岡県,2208,西部,1605,746,10763,4731,1132,237,61,1501,663,12193,6326,1510,292,87,1390,602,11728,6408,1380,248,53,1170,562,10130,5240,923,167,29,1097,550,8529,4097,584,77,,796,447,6502,2825,322,32,,876,473,7077,2879,218,15,
愛知県,2302,海部,477,205,3310,1717,408,96,34,509,244,4323,2678,664,139,49,535,210,4315,2757,586,129,41,413,218,3441,1959,362,68,,306,172,2497,1525,207,,,227,132,2087,1103,141,,,331,180,2765,1386,127,,
愛知県,2304,尾張東部,908,387,6285,2777,594,119,32,864,396,7387,3694,806,158,,772,325,7096,3821,841,145,30,582,282,5451,2920,539,74,19,434,233,4173,2077,314,40,,338,153,3078,1399,172,15,,447,255,4064,1690,138,15,
愛知県,2305,尾張西部,809,382,5562,2608,655,115,59,848,412,7090,3951,916,187,48,854,374,6825,4038,919,148,46,666,304,5731,3159,608,93,25,564,257,4222,2287,402,50,,439,236,3741,1823,223,25,,606,299,4871,2341,243,11,
愛知県,2306,尾張北部,1187,504,8011,3731,863,188,62,1261,511,10030,5479,1158,236,72,1144,511,9815,5260,1224,212,66,901,400,7563,4092,777,123,30,634,321,5612,2964,429,55,11,519,257,4614,2250,252,28,,707,365,6043,2559,230,11,
愛知県,2307,知多半島,1121,472,7966,3945,933,197,59,1052,437,9601,5370,1265,263,73,894,387,8740,5230,1197,197,67,743,337,7220,4204,814,133,32,621,299,5446,3123,488,54,,472,258,4556,2426,316,35,,638,407,6128,2876,292,29,
愛知県,2308,西三河北部,973,432,7152,3327,786,155,53,867,368,7899,4274,968,218,52,825,375,7587,4457,995,169,35,646,304,6334,3515,630,110,21,516,237,4722,2522,363,50,,327,158,3167,1439,160,,,465,247,3935,1545,114,,
愛知県,2309,西三河南部西,1367,623,9785,4796,1217,264,95,1271,532,10984,6155,1502,289,103,1135,465,10705,6101,1416,276,61,940,436,8720,4956,994,154,22,670,315,6338,3532,538,75,12,468,246,4351,2303,282,17,,589,323,5380,2500,230,20,
愛知県,2310,西三河南部東,835,383,5862,2821,662,138,42,767,293,6595,3473,808,150,52,717,311,6001,3551,784,163,,533,229,4997,2989,526,72,16,415,226,4099,2189,335,33,,382,171,3308,1676,196,17,,485,271,4283,1904,184,10,
愛知県,2311,東三河北部,87,41,549,285,71,11,14,75,38,648,336,87,15,,74,30,626,349,72,16,,76,27,550,326,68,10,,66,36,597,305,37,,,79,37,587,247,38,,,84,40,747,310,35,,
愛知県,2312,東三河南部,1192,518,7970,3803,872,193,57,1087,447,9297,5115,1236,251,76,976,430,8644,5212,1263,233,56,802,368,7167,4222,841,115,28,679,343,6005,3231,501,74,11,497,226,4606,2378,270,20,,585,316,5163,2424,238,20,
愛知県,2313,名古屋・尾張中部,4106,1860,31448,14343,3276,678,229,3891,1617,34740,18815,4226,864,260,3638,1525,33416,19032,4167,749,199,2916,1334,27045,15197,2910,435,94,2181,1116,20357,10942,1679,192,37,1555,840,14148,7207,920,90,,1826,1060,15634,6970,740,59,
三重県,2401,北勢,1335,686,9682,4562,1087,251,75,1467,564,12061,6616,1481,318,99,1329,546,11652,6749,1451,272,71,1047,485,9864,5524,982,180,40,845,390,7599,4204,609,85,17,577,349,6124,3160,403,36,,978,515,8058,3450,341,35,
三重県,2402,中勢伊賀,666,288,4767,2188,532,111,,630,281,5450,3067,744,136,41,549,256,5109,3131,709,122,,517,184,4530,2513,484,69,,463,226,4078,2293,342,47,,370,197,3579,1896,254,,,459,276,4310,1916,188,,
三重県,2403,南勢志摩,559,270,4114,2092,516,101,46,549,265,5184,2953,690,138,,526,214,4965,2999,637,107,37,494,233,4509,2625,523,83,20,460,238,4011,2241,386,,,437,211,3759,1932,254,,,582,333,4697,2191,202,19,
三重県,2404,東紀州,62,26,471,255,72,16,,62,27,634,419,96,18,,57,34,656,387,91,17,,69,34,592,390,84,11,,54,32,604,374,45,,,61,35,679,341,39,,,91,61,841,360,39,,
滋賀県,2501,大津,590,236,4076,1744,343,84,24,577,228,4865,2325,502,96,25,476,211,4433,2433,495,77,19,401,207,3786,2036,380,60,13,358,137,3122,1744,232,26,,259,130,2572,1236,131,,,337,154,2981,1285,100,,
滋賀県,2502,湖南,726,289,4688,1918,385,95,16,598,241,5292,2584,533,103,31,512,260,4472,2437,521,74,20,384,201,3494,1937,357,51,14,311,119,2563,1354,190,23,,222,109,2102,1025,130,,,316,162,2599,1138,107,,
滋賀県,2503,甲賀,266,109,1716,807,194,37,,212,108,1958,1041,231,59,,244,98,1693,1014,230,50,11,177,82,1506,837,151,,,152,71,1436,755,106,14,,148,63,1247,630,72,,,156,105,1591,680,66,,
滋賀県,2504,東近江,390,187,2615,1242,325,68,18,324,147,2788,1589,368,78,,296,118,2436,1493,302,55,10,233,110,2198,1183,228,33,,239,108,2027,1084,148,20,,199,105,1763,934,87,,,241,125,2105,989,71,,
滋賀県,2505,湖東,248,127,1707,890,186,,14,217,90,1945,1095,246,44,14,200,97,1698,977,225,34,,168,77,1378,816,150,17,,118,82,1283,723,101,11,,126,67,1096,632,74,,,156,86,1322,594,50,,
滋賀県,2506,湖北,225,98,1700,777,158,41,16,219,89,1909,1027,234,46,17,214,87,1720,1018,214,32,,163,89,1472,972,160,29,,163,87,1374,794,102,,,121,80,1138,612,68,,,131,74,1286,575,40,,
滋賀県,2507,湖西,47,26,408,178,40,,,54,24,450,258,56,13,,49,14,491,323,53,13,,49,12,462,306,43,,,47,24,518,282,42,,,40,30,425,215,16,,,50,26,488,223,27,,
京都府,2601,丹後,130,53,836,412,79,15,,162,70,1105,563,122,23,,137,83,1102,594,115,15,,124,75,1053,554,102,13,,130,55,1056,508,54,,,119,62,890,411,38,,,136,74,1074,401,35,,
京都府,2602,中丹,303,119,1806,784,166,39,,306,130,2317,1088,245,52,17,254,111,2059,1153,215,26,16,237,81,1885,949,161,25,,198,119,1674,832,135,11,,175,93,1433,703,63,,,225,121,1814,760,76,,
京都府,2603,南丹,219,87,1284,570,122,16,,187,87,1457,763,167,43,,168,88,1381,732,146,28,,162,71,1203,667,116,17,,122,78,1209,671,77,,,154,70,1115,537,64,,,184,106,1361,568,44,,
京都府,2604,京都・乙訓,2354,1073,15600,6576,1386,268,93,2312,1004,18668,9055,1948,362,109,2170,974,17520,9545,1932,312,72,1774,793,14427,7541,1409,189,47,1396,614,11639,5940,855,104,22,990,507,8319,3958,461,39,,1174,626,9835,3975,353,25,
京都府,2605,山城北,647,308,4299,2042,412,99,26,719,292,5625,3082,665,144,48,594,265,5166,2955,615,120,22,477,227,4086,2341,393,57,15,394,169,3308,1762,286,32,,328,154,3035,1488,188,15,,541,284,4386,1868,150,13,
京都府,2606,山城南,190,85,1356,657,125,16,13,175,98,1624,916,164,33,,160,57,1516,846,150,21,,129,63,1203,654,105,11,,83,50,1020,552,85,13,,95,54,874,430,49,,,131,75,1200,468,40,,
大阪府,2701,豊能,1602,692,11440,4922,1012,232,54,1531,645,13308,6737,1324,243,79,1401,550,12989,7151,1355,216,57,1137,451,10299,5609,936,123,33,843,414,7800,3938,587,69,12,600,349,5722,2927,327,22,,856,419,7540,3257,279,18,
大阪府,2702,三島,1050,505,7592,3519,755,158,44,1073,507,9398,4992,1100,232,62,1014,410,8882,5198,1098,174,38,752,334,6700,3729,677,114,25,573,272,5235,2865,430,52,11,442,251,4078,2077,243,24,,586,316,5470,2315,201,30,
大阪府,2703,北河内,1283,622,9452,4795,1181,270,90,1426,616,12183,7077,1778,378,102,1293,563,12223,7593,1612,293,69,1047,458,9636,5963,1156,183,40,791,443,7380,4272,687,91,,678,327,5907,3069,404,46,,826,461,7654,3464,367,22,
大阪府,2704,中河内,904,390,6556,3482,852,173,48,992,415,8606,4949,1181,260,70,980,430,8670,5345,1270,222,56,790,341,7026,4125,831,124,23,624,292,5246,2940,500,47,10,388,201,3902,2086,289,25,,540,320,4916,2426,238,20,
大阪府,2705,南河内,526,220,4170,2092,511,92,41,638,232,5343,3211,764,144,45,600,265,5692,3517,822,122,45,544,228,5053,2987,574,94,20,461,192,4339,2489,406,57,13,384,196,3903,2066,249,19,,559,267,5071,2451,222,12,
大阪府,2706,堺市,997,449,7110,3527,792,168,64,1037,420,9385,5344,1259,238,77,1008,394,8981,5406,1233,200,46,737,303,6959,4043,780,128,24,562,283,5107,3060,475,49,,434,208,3933,2117,271,21,,569,287,5153,2462,205,19,
大阪府,2707,泉州,856,362,6979,3645,866,173,50,1049,434,9244,5380,1256,252,80,953,419,9385,5821,1220,240,41,805,359,7613,4568,851,132,28,639,284,6042,3444,514,64,,524,243,4970,2645,341,31,,710,388,6243,2781,271,18,
大阪府,2708,大阪市,3993,1816,29871,14474,3343,805,231,3840,1515,34216,19139,4393,962,265,3701,1521,33292,19898,4360,790,231,2824,1298,26265,15496,2945,484,94,2064,1021,19039,10720,1808,212,41,1335,698,11823,6569,821,107,,1306,723,11776,5621,652,40,
兵庫県,2801,神戸,2157,991,16023,7111,1522,355,104,2165,947,19390,10133,2128,407,127,2070,938,18782,10521,2126,380,111,1618,767,15520,8514,1552,226,48,1422,645,13001,6858,1096,136,22,1055,514,10177,4842,592,71,,1316,729,11487,4915,474,42,
兵庫県,2804,東播磨,999,474,7699,3706,799,176,55,1010,420,8922,4888,1102,205,58,959,387,8381,4965,1082,199,51,745,321,6620,3922,731,122,32,590,271,5371,3149,524,48,12,449,205,4369,2259,261,34,,584,263,4893,2244,205,18,
兵庫県,2805,北播磨,360,174,2422,1230,275,69,23,373,153,3007,1663,339,62,18,353,166,2857,1600,357,59,13,313,154,2492,1448,267,31,19,234,127,2254,1285,152,17,,217,133,2064,1067,131,,,265,143,2420,1103,82,,
兵庫県,2808,但馬,217,124,1553,710,164,32,,202,129,1883,974,210,40,,213,82,1706,949,192,38,11,221,107,1564,844,152,13,,231,133,1746,841,106,,,208,110,1665,723,65,,,263,114,1867,743,56,,
兵庫県,2809,丹波,162,74,991,429,102,27,,148,65,1133,603,116,29,,113,60,988,587,121,15,,98,51,909,496,111,12,,120,48,986,519,61,,,100,46,835,463,41,,,101,59,924,410,34,,
兵庫県,2810,淡路,131,66,1025,475,121,17,,140,67,1181,677,162,40,,130,65,1075,689,141,27,,101,61,1056,596,117,20,,113,55,1072,604,91,11,,122,73,1081,574,67,,,146,90,1251,586,48,,
兵庫県,2811,阪神,2363,1003,16863,7730,1672,318,103,2407,1005,21277,11430,2431,424,115,2354,980,21583,12139,2427,431,88,1906,770,17528,9984,1721,277,56,1390,697,13611,7146,1115,138,19,1133,538,10563,5452,606,60,,1534,739,13526,5790,523,49,
兵庫県,2812,播磨姫路,1106,455,8001,4067,875,182,55,1141,495,9862,5417,1207,217,61,1003,438,8898,5263,1095,204,39,839,406,7572,4580,816,83,20,739,317,6617,3699,554,69,14,599,331,5485,3047,365,35,,796,413,6884,3216,260,18,
奈良県,2901,奈良,405,202,3008,1358,305,58,23,465,188,3805,1989,398,87,,442,193,3804,2219,428,70,23,338,164,3367,1883,318,43,10,311,150,2875,1511,228,31,,222,136,2368,1162,154,,,335,184,2976,1325,131,,
奈良県,2902,東和,230,115,1499,792,197,54,17,237,97,1897,1137,283,61,,224,98,1887,1172,264,47,,199,85,1703,1056,221,,,182,77,1505,933,145,,,153,83,1345,726,100,,,204,104,1695,763,74,,
奈良県,2903,西和,425,181,3076,1506,309,67,,448,174,3980,2127,447,113,26,394,187,3816,2161,502,80,21,371,138,3047,1818,331,44,16,260,114,2608,1393,227,22,,214,96,2188,1148,140,,,353,149,3015,1359,136,,
奈良県,2904,中和,437,196,3262,1698,360,71,26,463,197,4049,2311,566,101,27,435,198,3938,2466,555,89,25,356,140,3388,2020,398,47,10,285,129,2765,1567,262,29,,252,124,2329,1240,142,10,,307,159,2876,1272,124,12,
奈良県,2905,南和,47,22,344,195,40,15,,61,25,458,278,67,16,,64,26,520,297,75,20,,51,40,532,324,54,,,62,35,613,331,39,,,59,19,546,260,38,,,76,35,525,254,14,,
和歌山県,3001,和歌山,466,189,3727,1982,472,108,35,491,210,4673,2636,637,119,34,447,233,4361,2689,601,116,38,397,158,3706,2297,440,83,15,354,167,3193,2050,326,38,,261,155,2699,1550,185,,,398,209,3509,1642,161,,
和歌山県,3002,那賀,141,53,910,509,111,34,10,140,54,1215,686,180,25,,110,61,1141,744,173,36,,92,53,1017,638,122,14,,75,42,968,567,82,,,86,52,839,444,61,,,124,52,971,475,42,,
和歌山県,3003,橋本,64,40,578,332,80,24,,83,49,767,460,92,24,11,103,36,689,436,102,18,,88,29,678,427,89,13,,71,32,741,421,61,12,,79,37,725,371,39,,,82,39,820,382,35,,
和歌山県,3004,有田,63,23,547,272,70,18,,70,29,675,405,74,24,,62,18,630,383,78,11,,76,30,555,331,60,11,,58,25,539,312,34,,,49,31,515,286,20,,,68,48,651,270,22,,
和歌山県,3005,御坊,76,34,501,287,69,23,,83,30,664,370,80,18,,78,24,579,336,74,10,,59,34,533,329,48,15,,53,37,580,272,33,,,70,39,511,262,34,,,78,45,574,247,22,,
和歌山県,3006,田辺,152,55,1033,508,115,26,,171,67,1307,684,174,32,,138,53,1286,648,140,27,,145,73,1121,634,103,,,126,81,1079,593,63,,,109,65,926,463,46,,,132,76,1003,463,33,,
和歌山県,3007,新宮,49,29,405,198,40,11,,73,24,535,311,70,17,,64,36,533,328,57,10,,63,20,510,276,62,,,56,25,508,272,47,,,53,25,453,217,28,,,90,47,697,220,13,,
鳥取県,3101,東部,447,184,2404,1013,242,46,,391,181,2824,1314,247,45,,293,131,2329,1225,220,47,,268,157,2251,1069,177,,,297,139,2127,1015,122,,,233,114,1948,901,69,,,245,140,2042,813,79,,
鳥取県,3102,中部,167,85,950,394,94,26,,138,43,1023,512,107,22,,124,51,946,502,99,12,,114,56,841,497,102,,,121,37,889,450,58,,,106,49,835,390,47,,,125,84,883,357,41,,
鳥取県,3103,西部,344,159,2152,1005,247,45,22,304,127,2531,1370,255,50,,300,133,2259,1269,238,46,,235,91,2110,1121,189,28,,241,99,1974,1047,139,18,,185,98,1684,828,82,,,200,91,1872,762,87,,
島根県,3201,松江,466,204,2648,1121,234,50,16,412,187,3190,1496,323,71,15,361,190,2911,1494,293,46,16,293,153,2521,1285,206,21,,279,157,2341,1165,135,11,,283,146,2010,983,87,,,303,181,2484,1002,83,,
島根県,3202,雲南,79,53,528,245,51,,,102,43,632,319,64,,,78,35,541,260,41,,,67,36,523,266,43,,,94,47,639,285,34,,,80,31,636,279,31,,,88,60,744,272,26,,
島根県,3203,出雲,325,162,1909,864,184,36,12,291,142,2241,1066,231,38,20,257,112,1886,1021,208,33,11,222,103,1700,869,138,23,,210,104,1676,822,97,12,,187,108,1487,740,71,,,225,112,1818,754,54,,
島根県,3204,大田,48,,463,254,61,14,,60,,517,331,63,16,,47,,456,299,56,,,55,17,441,276,,,,59,35,547,278,34,,,83,27,620,291,,,,98,48,763,332,32,,
島根県,3205,浜田,96,49,727,365,100,25,,119,50,871,501,107,28,,94,40,753,447,99,21,,103,52,727,391,81,,,100,56,854,420,50,,,98,44,840,392,60,,,132,68,1053,478,37,,
島根県,3206,益田,70,29,590,271,70,11,,73,34,679,359,80,12,,62,38,534,259,60,,,72,36,544,292,53,,,97,34,635,298,33,,,86,38,707,305,30,,,96,68,848,342,30,,
島根県,3207,隠岐,17,,177,125,37,,,21,,200,119,36,,,13,,148,96,23,,,17,15,162,96,,,,19,14,173,88,25,,,29,12,189,117,,,,35,12,247,119,13,,
岡山県,3301,県南東部,1399,613,9621,4537,1036,200,74,1397,592,11540,6315,1418,300,79,1181,533,10106,5962,1303,289,62,985,446,8483,4969,919,139,34,848,440,7294,3977,644,93,,648,349,6020,3197,416,42,,723,429,6527,3156,297,23,
岡山県,3302,県南西部,1044,458,7213,3515,789,155,57,1027,484,8877,4820,1093,210,54,944,381,7747,4696,1049,193,48,744,353,6308,3641,711,96,19,619,340,5489,2926,473,66,10,502,286,4613,2328,297,33,,573,290,5015,2256,190,16,
岡山県,3303,高梁・新見,58,40,411,244,55,,,68,39,558,293,56,,,48,25,504,298,81,17,,62,32,556,270,52,,,71,44,599,345,39,,,56,30,555,274,30,,,64,35,553,233,21,,
岡山県,3304,真庭,53,23,456,193,46,,,47,17,493,247,65,,,55,19,394,196,62,11,,42,18,393,212,35,,,50,27,489,229,29,,,49,27,434,208,18,,,55,34,472,234,15,,
岡山県,3305,津山・英田,221,113,1560,755,191,42,11,210,111,1837,1016,255,48,21,184,95,1575,972,212,42,13,148,90,1385,740,146,24,,167,83,1505,755,77,,,160,88,1321,666,53,,,173,107,1488,664,69,,
広島県,3401,広島,2149,1013,15744,7250,1507,320,112,2280,953,19136,10116,2218,449,109,2023,826,17895,10344,2057,347,96,1537,683,14514,8088,1359,213,47,1225,615,11604,6093,953,103,14,887,467,8303,4079,510,39,,967,460,8638,3785,347,26,
広島県,3402,広島西,179,91,1378,676,138,35,,215,88,1629,870,191,48,,195,68,1464,902,169,35,,139,63,1375,721,134,23,,137,64,1341,690,95,,,139,57,1213,593,67,,,145,66,1420,568,57,,
広島県,3403,呉,199,85,1699,884,250,48,17,245,97,2452,1440,351,67,23,228,97,2313,1399,294,66,21,187,83,2013,1349,256,44,,178,95,1775,1089,174,26,,136,80,1551,837,114,,,158,87,1700,897,96,,
広島県,3404,広島中央,356,150,2472,1207,291,74,18,344,155,2938,1657,366,69,29,299,138,2750,1583,343,57,14,214,103,2264,1345,239,37,,183,101,1909,1039,165,25,,140,56,1411,713,80,,,206,122,1686,779,60,,
広島県,3405,尾三,273,121,2104,1056,254,56,14,295,126,2561,1489,351,78,38,258,116,2219,1432,326,41,17,225,127,1963,1187,234,39,,213,105,1951,1134,187,21,,197,88,1751,960,116,,,215,115,1912,986,110,,
広島県,3406,福山・府中,707,351,5222,2654,579,115,43,729,336,6229,3473,830,143,54,656,279,5397,3227,671,145,27,444,262,4397,2601,454,79,16,456,242,3933,2141,325,43,,306,215,3214,1653,228,18,,360,192,3328,1744,156,12,
広島県,3407,備北,88,38,759,351,89,33,,116,60,863,478,118,18,,91,61,762,469,101,16,,89,43,681,430,75,13,,118,56,772,441,58,,,95,47,759,417,42,,,108,46,892,390,30,,
山口県,3501,岩国,131,53,1047,532,115,32,,136,70,1365,771,163,34,,116,62,1258,796,177,34,,125,50,1129,675,118,16,,103,54,1056,616,86,11,,106,33,1003,509,55,,,128,63,1145,504,49,,
山口県,3502,柳井,93,38,564,316,64,25,,103,38,763,452,108,13,,85,42,676,430,82,14,,65,31,557,342,66,11,,69,31,621,315,51,,,66,34,575,316,,,,76,46,634,270,,,
山口県,3503,周南,340,169,2330,1173,245,47,17,374,170,3174,1635,360,71,25,347,159,2935,1592,300,50,12,245,122,2191,1200,248,35,,228,123,1911,1052,146,15,,192,95,1754,801,81,,,280,149,2156,885,66,,
山口県,3504,山口・防府,507,246,3378,1468,348,60,21,562,236,4022,2086,418,79,19,453,210,3512,1972,431,63,18,396,171,3037,1646,282,37,,324,195,2802,1469,219,24,,241,147,2256,1048,108,,,352,170,2594,997,78,,
山口県,3505,宇部・小野田,322,149,2398,1133,253,57,22,333,159,2918,1505,327,76,26,284,143,2470,1421,296,58,11,267,142,2197,1218,196,39,,258,122,2016,1080,162,15,,213,116,1825,932,95,,,250,160,2286,910,88,,
山口県,3506,下関,285,166,2246,1033,245,45,13,389,155,2730,1425,320,77,17,257,116,2326,1428,303,50,13,255,122,2036,1164,215,30,,243,131,1933,992,140,22,,207,100,1714,883,103,,,220,134,1823,799,68,,
山口県,3507,長門,38,29,282,149,45,,,42,17,338,194,47,,,38,19,276,183,33,,,30,10,231,151,29,,,41,15,301,165,23,,,38,21,268,161,,,,49,17,349,146,,,
山口県,3508,萩,49,24,346,189,52,,,65,32,447,271,68,,,38,24,449,231,63,,,52,16,401,238,38,,,51,20,451,230,39,,,58,27,461,219,,,,67,28,459,233,,,
徳島県,3601,東部,648,287,4868,2550,654,143,56,572,251,5552,3375,847,173,55,512,211,4980,3255,766,150,32,461,205,4405,2823,582,81,15,401,188,4040,2547,404,49,,360,143,3732,2098,253,24,,415,220,4395,2303,232,21,
徳島県,3603,南部,140,72,1276,738,195,39,,165,60,1484,913,188,56,,117,53,1309,872,160,45,,133,68,1162,767,135,20,,122,51,1184,727,108,,,105,63,1291,697,81,,,200,90,1662,840,106,,
徳島県,3605,西部,69,24,554,334,84,18,,47,29,574,427,108,26,,56,30,555,396,89,16,,57,24,618,399,81,12,,72,37,668,444,61,,,60,37,752,482,58,,,89,37,884,463,51,,
香川県,3702,小豆,36,16,224,110,26,,,41,16,262,131,33,,,25,16,244,141,29,,,32,13,243,133,15,,,35,12,216,137,20,,,17,11,258,121,,,,36,21,312,164,,,
香川県,3706,東部,727,331,5528,2819,684,149,,793,315,6945,3923,927,,61,654,307,6062,3805,806,169,44,559,238,5003,3044,607,92,17,471,247,4323,2693,411,40,11,367,201,3962,2180,291,34,,578,332,5052,2552,268,,
香川県,3707,西部,530,201,3819,2041,504,,53,518,253,4538,2656,691,154,,457,212,3895,2475,586,,,379,173,3402,2160,422,,,376,163,3368,2009,345,,,328,176,3165,1855,,,,417,249,4035,2083,,,
愛媛県,3801,宇摩,100,60,787,418,104,17,14,105,47,960,582,133,27,,97,44,806,536,115,16,,80,37,771,479,116,17,,70,33,680,402,49,,,64,23,577,309,37,,,69,32,616,314,26,,
愛媛県,3802,新居浜・西条,246,113,2010,1255,278,79,22,220,109,2526,1625,409,92,29,235,106,2120,1443,318,79,19,196,78,1918,1327,252,48,10,187,74,1708,1083,205,27,,139,74,1428,838,112,,,164,81,1736,898,100,,
愛媛県,3803,今治,154,63,1368,785,202,43,11,186,68,1692,1065,263,47,18,167,57,1485,980,296,52,10,136,64,1200,872,167,44,,132,54,1119,777,119,21,,92,50,971,570,72,,,122,52,1148,591,66,,
愛媛県,3804,松山,901,422,6689,3440,819,221,56,969,371,7971,4687,1070,211,49,755,305,7026,4478,1009,194,63,666,293,5949,3680,740,126,19,528,270,5475,3206,508,49,,442,234,4352,2376,295,16,,488,247,4288,2066,198,14,
愛媛県,3805,八幡浜・大洲,155,44,1059,594,142,47,,148,62,1265,829,217,43,,125,65,1116,791,159,39,10,121,66,1227,797,146,,,167,59,1266,725,119,11,,126,49,1065,541,68,,,135,77,1110,524,53,,
愛媛県,3806,宇和島,112,55,806,475,129,38,,118,39,1062,644,174,31,,91,44,960,561,155,26,,106,42,936,590,133,,,98,54,942,568,93,,,95,54,884,474,43,,,148,64,1096,501,33,,
高知県,3901,安芸,35,19,305,191,65,14,,42,16,350,243,65,14,,51,16,347,262,58,,,35,11,331,254,69,,,50,15,343,220,57,,,36,20,330,240,39,,,47,28,462,261,35,,
高知県,3902,中央,679,351,4868,2611,605,126,39,706,272,6025,3450,864,174,52,604,248,5056,3135,757,134,45,473,245,4356,2756,563,105,19,451,201,4093,2355,366,49,10,363,201,3522,2042,263,29,,450,248,4167,2094,229,34,
高知県,3903,高幡,51,36,437,217,50,14,,57,26,465,273,66,10,,55,25,467,270,55,13,,46,26,440,255,46,,,56,32,512,269,33,,,54,23,586,250,28,,,77,34,700,310,25,,
高知県,3904,幡多,91,52,666,373,90,24,,111,47,846,468,124,28,11,85,26,742,418,94,,,78,37,641,377,72,14,,80,37,673,412,68,,,88,44,708,415,51,,,86,46,945,447,43,,
福岡県,4001,福岡・糸島,2537,1158,19178,9155,2050,436,137,2248,968,20961,11562,2504,532,139,1849,856,18845,11089,2302,422,104,1633,699,15269,8780,1453,200,49,1192,596,12212,6676,981,117,21,990,471,9237,4601,506,46,,1025,510,9245,4319,332,23,
福岡県,4002,粕屋,471,202,3552,1738,396,76,27,441,204,3983,2288,505,103,30,355,153,3017,1970,404,75,23,262,114,2293,1416,262,38,,232,114,2219,1221,174,21,,221,92,1919,937,116,,,217,129,2039,885,73,,
福岡県,4003,宗像,239,114,1769,786,204,39,13,176,86,1724,947,217,43,20,123,75,1420,873,179,29,,128,67,1161,747,125,21,,142,69,1329,661,94,11,,138,55,1238,536,74,,,146,74,1390,555,33,,
福岡県,4004,筑紫,561,251,4530,2231,475,97,34,607,210,5107,2891,646,110,34,471,189,4560,2724,573,94,24,367,162,3692,2239,376,43,10,348,158,3319,1813,282,21,,274,135,2805,1415,143,,,330,170,3053,1346,97,,
福岡県,4005,朝倉,93,52,798,444,104,21,,100,39,812,525,122,26,,82,35,710,465,103,18,,80,40,639,386,80,12,,72,38,712,370,58,,,70,55,712,367,54,,,100,55,789,386,29,,
福岡県,4006,久留米,589,254,4226,2114,493,118,34,533,224,4586,2752,659,128,34,457,188,4128,2615,508,88,25,419,187,3778,2233,383,43,,427,210,3595,1953,244,31,,356,181,3286,1664,168,17,,402,247,3688,1655,129,10,
福岡県,4007,八女・筑後,167,69,1274,582,155,28,12,159,80,1332,697,159,38,,142,85,1172,687,138,30,,142,77,1141,620,105,11,,152,70,1202,615,73,,,143,74,1146,499,57,,,168,117,1323,506,46,,
福岡県,4008,有明,228,115,1619,843,236,53,,200,101,1750,1094,268,60,16,196,80,1726,1090,254,47,18,208,95,1787,966,169,30,,207,116,1753,965,139,14,,170,93,1655,813,72,,,233,125,1870,863,66,,
福岡県,4009,飯塚,182,92,1455,799,194,36,11,182,67,1585,976,238,46,13,173,77,1290,778,198,24,,131,70,1153,732,113,16,,147,87,1338,733,91,,,153,80,1279,703,82,,,190,91,1654,821,96,,
福岡県,4010,直方・鞍手,142,65,958,487,128,24,10,111,53,959,600,145,28,,104,34,779,508,126,27,,94,44,667,455,85,,,87,48,785,487,74,10,,95,42,762,427,42,,,119,61,966,458,45,,
福岡県,4011,田川,90,43,808,511,123,32,,86,45,898,622,175,39,,96,33,799,538,133,23,,75,29,736,445,82,,,81,36,797,456,74,,,101,49,827,421,50,,,120,65,948,433,36,,
福岡県,4012,北九州,1237,561,9909,5322,1224,267,98,1215,541,11344,6902,1601,375,104,1125,466,10548,6536,1373,256,57,956,424,9114,5345,972,160,33,911,428,8419,4760,678,100,,762,386,7494,3877,473,47,,914,466,8634,4160,418,35,
福岡県,4013,京築,196,111,1706,972,236,50,23,202,89,2095,1271,324,65,23,215,76,1896,1159,242,50,18,180,85,1643,990,177,25,,173,81,1575,909,120,15,,144,65,1497,806,84,,,185,97,1709,847,80,,
佐賀県,4101,中部,434,250,3268,1686,406,90,23,389,144,3600,2099,505,91,26,364,159,3233,1999,450,95,20,332,171,3168,1865,311,41,,314,166,2977,1650,239,21,,330,160,2833,1392,153,16,,349,197,2949,1340,125,14,
佐賀県,4102,東部,209,85,1440,734,191,38,,166,69,1563,873,192,46,16,150,63,1273,809,165,26,13,132,59,1115,665,109,17,,148,60,1060,510,89,11,,113,61,1023,469,42,,,138,95,1197,546,46,,
佐賀県,4103,北部,145,39,1023,559,131,25,,126,54,1153,713,159,42,10,99,33,914,623,122,28,,115,54,955,588,94,15,,135,60,954,579,89,,,95,52,930,512,62,,,124,50,1011,532,65,,
佐賀県,4104,西部,113,54,746,387,86,19,,95,41,777,414,97,16,,91,28,692,430,78,15,,82,41,704,377,44,,,89,51,741,360,37,,,108,61,721,324,32,,,97,55,778,338,27,,
佐賀県,4105,南部,190,95,1237,647,155,36,,153,73,1264,775,174,33,,136,68,1194,824,143,28,,157,101,1361,782,141,,,174,74,1418,731,93,13,,185,90,1361,701,76,,,192,107,1627,700,67,,
長崎県,4201,長崎,578,208,4308,2221,494,109,38,539,234,5189,3018,722,146,51,516,223,5054,3077,699,128,36,455,189,4695,2833,491,72,19,455,253,4424,2512,385,50,,414,214,3993,2179,238,23,,488,231,4675,2326,194,14,
長崎県,4202,佐世保県北,298,126,2293,1207,325,62,25,291,109,2595,1597,399,67,27,275,113,2382,1551,308,60,11,243,125,2426,1474,260,25,,269,129,2374,1428,231,24,,218,136,2405,1279,141,,,297,130,2621,1313,130,,
長崎県,4203,県央,324,161,2460,1350,316,60,23,289,128,2843,1649,373,77,19,299,126,2566,1654,332,55,15,281,118,2475,1404,237,50,,265,137,2398,1319,158,20,,207,101,2195,1182,127,,,192,118,2313,1141,94,,
長崎県,4204,県南,109,58,801,494,131,26,,103,40,883,663,164,30,,112,47,981,607,123,28,,95,51,1028,676,107,21,,129,52,1156,705,90,13,,120,64,1140,647,87,,,187,64,1352,699,64,,
長崎県,4206,五島,28,,221,144,35,,,40,11,236,199,49,14,,21,13,250,193,37,,,29,,256,201,49,,,31,18,299,208,26,,,35,16,351,202,15,,,39,31,353,180,23,,
長崎県,4207,上五島,12,11,165,95,21,,,19,,177,120,34,,,19,,170,142,26,,,21,,189,163,30,,,22,10,215,146,22,,,16,11,228,130,,,,23,,210,113,,,
長崎県,4208,壱岐,23,,197,122,35,10,,24,,193,180,37,,,18,10,216,146,38,,,17,,183,152,35,,,21,11,213,158,25,,,15,12,246,159,,,,34,,279,189,,,
長崎県,4209,対馬,16,10,199,133,40,,,19,,217,185,47,,,18,,212,164,40,,,13,,213,158,20,,,31,12,246,181,34,,,38,11,283,194,,,,23,18,356,182,,,
熊本県,4302,宇城,111,51,843,579,139,44,11,107,28,924,662,171,31,12,88,39,861,604,162,24,,110,42,960,653,115,21,,103,43,933,584,77,,,85,46,901,530,60,,,94,64,977,488,51,,
熊本県,4303,有明,171,77,1354,788,202,43,22,119,60,1256,919,210,47,11,133,80,1167,809,196,49,,143,70,1204,728,140,19,,137,61,1300,742,99,11,,150,76,1352,743,83,,,164,106,1549,715,68,,
熊本県,4304,鹿本,63,23,438,247,65,,,44,13,409,297,82,18,,43,16,412,288,79,13,,57,22,436,242,56,,,65,25,501,266,33,,,65,41,484,235,37,,,63,46,587,276,25,,
熊本県,4305,菊池,290,121,2265,1158,293,55,23,254,103,2333,1316,319,63,17,190,85,1861,1070,247,44,,192,60,1677,1060,159,23,,172,64,1597,885,117,10,,134,70,1446,729,87,,,155,79,1378,641,52,,
熊本県,4306,阿蘇,56,25,481,330,80,12,,54,32,502,361,74,11,,67,31,488,307,65,11,,54,21,536,361,67,10,,61,30,635,361,63,,,88,33,781,436,41,,,90,37,829,445,53,,
熊本県,4308,八代,147,63,1127,701,198,45,,129,60,1198,835,229,60,15,119,50,1091,846,208,52,16,107,67,1196,769,155,22,,114,51,1124,728,101,13,,86,41,1006,617,89,,,100,66,1054,527,47,,
熊本県,4309,芦北,60,17,327,194,39,,,46,30,340,228,63,11,,36,17,398,260,73,15,,48,27,415,259,62,,,44,27,425,271,43,,,46,25,459,261,27,,,56,30,484,211,29,,
熊本県,4310,球磨,67,35,693,450,144,23,14,85,37,758,518,160,38,10,67,38,752,524,117,20,,106,35,841,542,107,17,,118,48,947,593,86,,,103,57,993,561,66,,,124,65,1059,633,64,,
熊本県,4311,天草,102,38,790,546,181,46,18,75,29,940,663,190,44,11,93,36,886,717,170,25,,86,36,978,682,132,15,,117,58,1176,722,96,12,,111,59,1144,670,94,,,130,64,1208,644,58,,
熊本県,4312,熊本・上益城,984,423,8015,4205,976,226,76,954,368,8884,5250,1285,226,70,749,301,7702,4864,1074,199,49,674,311,7364,4481,820,125,27,637,330,6723,3910,564,65,,595,305,5712,3077,342,34,,599,304,5592,2692,225,30,
大分県,4401,東部,202,96,1639,916,274,40,21,198,95,1916,1174,309,66,34,194,80,1664,1170,267,46,15,168,83,1699,1004,212,29,,184,100,1719,1030,161,17,,177,93,1644,955,121,,,193,116,2060,1032,95,,
大分県,4403,中部,742,360,6027,3376,860,183,58,717,298,7124,4390,1028,241,73,611,250,5989,3924,906,195,39,495,211,5243,3403,673,85,14,490,188,5161,3058,450,54,10,424,204,4469,2510,265,20,,482,235,4629,2336,229,16,
大分県,4405,南部,68,35,591,322,73,18,,60,27,593,456,123,23,,64,24,560,384,85,18,,56,30,610,382,81,,,44,20,609,396,57,,,75,36,628,423,49,,,81,37,811,398,37,,
大分県,4406,豊肥,46,27,389,254,55,28,,55,21,418,305,102,18,,45,16,454,275,72,11,,46,27,432,279,59,,,59,27,592,334,44,,,68,30,587,315,29,,,101,29,777,405,35,,
大分県,4408,西部,105,50,751,442,108,17,,109,47,851,550,126,32,,85,48,835,494,103,18,,91,51,885,470,83,10,,116,51,936,493,58,,,125,54,877,387,44,,,128,67,901,388,36,,
大分県,4409,北部,186,119,1701,898,208,48,24,227,98,1822,1058,283,70,18,171,90,1587,1094,243,44,,151,81,1503,954,159,33,,167,75,1441,841,147,18,,128,57,1347,740,99,,,141,68,1458,774,59,,
宮崎県,4501,宮崎東諸県,524,237,4320,2237,549,108,38,533,223,4960,2946,640,120,43,448,199,4356,2700,552,100,28,385,146,4001,2310,378,67,,336,173,3559,2007,305,41,,312,143,3005,1512,173,,,327,182,3041,1325,121,,
宮崎県,4502,都城北諸県,201,82,1722,982,239,42,13,176,80,1766,1072,275,71,19,136,70,1486,951,235,35,,132,69,1412,921,178,22,,187,78,1694,978,132,15,,160,70,1577,914,99,,,206,100,1933,1059,108,,
宮崎県,4503,延岡西臼杵,175,93,1500,793,211,50,14,186,78,1661,1040,300,46,22,164,74,1540,1019,226,47,11,178,73,1489,903,141,21,,170,76,1426,834,107,12,,138,67,1288,736,80,,,167,92,1610,813,74,,
宮崎県,4504,日南串間,64,34,436,283,77,11,,49,25,473,301,78,23,,56,17,474,316,77,,,61,27,490,305,58,,,59,34,598,336,52,,,65,37,601,319,32,,,92,36,652,325,20,,
宮崎県,4505,西諸,67,25,480,304,89,15,,63,18,469,329,74,23,,45,17,435,325,66,,,58,29,534,334,50,,,65,24,611,385,59,,,64,36,662,392,45,,,95,45,820,493,41,,
宮崎県,4506,西都児湯,83,44,687,416,121,15,,97,45,727,505,134,35,,73,34,634,459,104,17,,66,40,666,471,80,11,,80,41,762,458,67,,,109,50,928,464,54,,,110,60,1044,522,46,,
宮崎県,4507,日向入郷,73,44,691,402,103,25,,71,39,779,487,125,19,,79,31,648,398,100,20,,66,28,639,427,78,18,,62,42,627,410,72,,,67,32,709,387,37,,,86,43,818,429,45,,
鹿児島県,4601,鹿児島,784,350,6099,3419,817,170,48,733,300,6825,4239,1004,203,57,573,284,5945,3990,863,175,44,601,251,5649,3570,714,90,21,558,285,5820,3431,469,55,,531,249,5319,2878,322,31,,655,349,5931,2850,258,19,
鹿児島県,4603,南薩,108,51,888,477,125,34,,116,58,856,573,138,28,,103,61,907,546,127,23,,117,58,1008,613,121,22,,144,85,1193,714,91,10,,167,70,1516,750,63,,,206,124,1719,814,93,,
鹿児島県,4605,川薩,119,58,1074,582,159,36,,120,62,1171,690,165,45,12,104,58,1018,655,152,26,10,126,53,1236,723,122,19,,126,71,1239,715,91,,,147,81,1215,722,80,,,200,105,1575,731,87,,
鹿児島県,4606,出水,66,29,623,424,114,21,,72,25,618,467,147,31,,88,33,629,484,91,21,,73,28,671,481,87,,,60,40,716,429,55,,,81,44,719,438,50,,,105,56,879,430,49,,
鹿児島県,4607,姶良・伊佐,282,128,2026,1159,314,67,15,221,90,2299,1405,334,77,15,229,94,2109,1401,348,56,16,230,102,2215,1400,242,34,,219,121,2320,1328,180,,,218,131,2084,1211,127,21,,263,148,2679,1374,142,,
鹿児島県,4609,曽於,78,32,512,319,79,25,,66,18,503,348,97,17,,50,32,538,375,69,13,,78,21,579,384,93,,,80,41,770,434,73,,,93,36,756,387,57,,,103,42,812,426,49,,
鹿児島県,4610,肝属,145,55,1168,715,193,46,13,134,65,1104,791,182,40,11,141,47,1038,746,145,41,,121,54,1190,744,153,29,,154,53,1369,860,114,13,,149,65,1358,756,97,,,164,72,1457,798,99,,
鹿児島県,4611,熊毛,36,12,305,159,45,15,,44,,328,221,67,11,,46,,354,235,56,12,,39,17,347,244,38,,,42,22,339,242,35,,,43,32,389,202,28,,,49,28,401,205,28,,
鹿児島県,4612,奄美,70,23,662,493,120,36,11,53,,701,586,168,46,11,52,,647,594,155,44,,61,17,683,651,134,27,,59,28,731,667,122,15,,66,25,875,722,100,,,76,34,915,641,89,,
沖縄県,4701,北部,69,26,727,532,189,42,19,56,19,718,667,211,60,22,45,30,531,574,172,38,13,43,20,584,520,145,35,,54,28,642,639,137,21,,58,24,716,667,126,14,,54,24,736,626,113,12,
沖縄県,4702,中部,385,156,3927,2715,672,161,76,350,129,4414,3495,993,246,79,264,93,3786,3190,873,157,37,211,95,3177,2701,646,111,29,177,88,2653,2274,455,65,13,190,65,2260,1818,308,60,,132,71,2041,1671,264,28,
沖縄県,4703,南部,628,268,6349,4314,1123,302,102,547,234,7001,5402,1517,357,116,517,204,6173,4990,1410,326,98,418,175,5320,4239,977,186,43,331,154,4633,3711,709,107,19,303,126,4138,3179,513,48,,280,113,4108,3052,434,40,
沖縄県,4704,宮古,34,12,361,270,97,18,,32,,342,350,119,37,,17,,299,307,115,30,,20,,336,358,96,,,28,,397,388,86,,,25,,400,413,87,10,,29,,360,350,68,,
沖縄県,4705,八重山,47,19,441,332,107,25,,53,,433,377,129,40,,35,,408,386,119,40,,34,,353,327,91,,,39,,373,399,97,,,25,,397,401,74,11,,30,,407,349,66,,
二次医療圏判別不可,二次医療圏判別不可,二次医療圏判別不可,5179,1999,49969,25178,5540,1042,318,5068,1909,51828,30098,6745,1344,374,4816,1781,50113,30598,6809,1252,305,4312,1686,46478,28597,5470,869,206,2208,977,23555,13957,2288,299,53,620,308,6793,3379,390,43,,441,214,4222,1741,153,11,
